1;Чайник Sakura SA-2729DBK;Sakura;https://avatars.mds.yandex.net/get-mpic/4904013/img_id7543508463943024002.png/9;4627153827306
1;Блендер BAMIX SuperBox M200 Black;BAMIX;https://avatars.mds.yandex.net/get-mpic/5315102/img_id8442214618671296087.jpeg/9;7610497616504
1;Мультиварка Homestar, арт.HS-2022, белый, 900Вт;HOMESTAR;https://avatars.mds.yandex.net/get-mpic/4375199/img_id5050809143867708236.jpeg/9;4690408133729
1;Блендер погружной BRAYER BR1241;BRAYER;https://avatars.mds.yandex.net/get-mpic/1715213/img_id2315052604274798140.jpeg/9;9120099330817
1;Плита элек. WILLMARK НS-111 (1 чугунная конфорка*155 mm, 1000Вт, корпус из нерж.стали, цвет черный);Willmark;https://avatars.mds.yandex.net/get-mpic/5236407/img_id4698189528901498596.jpeg/9;4627145954959
1;Газоэлектрическая плита Дарина 1 D1 KM 241 311 W;DARINA;https://avatars.mds.yandex.net/get-mpic/4585707/img_id2722356551999892874.jpeg/9;4607152043228
1;Швейная машина Janome 5515;Janome;https://avatars.mds.yandex.net/get-mpic/1525355/img_id8932586320187997047/9;4933621701727
1;Салфетки HB268A02 HOBOT для стеклоочистителя 3 шт.;HOBOT;https://avatars.mds.yandex.net/get-mpic/4742551/img_id331141788403910714.jpeg/9;4716873849047
1;Триммер FIRST FA-5680-2-GO;FIRST AUSTRIA;https://avatars.mds.yandex.net/get-mpic/4393885/img_id5285341015138693165.jpeg/9;9003898568028
1;Электрический конвектор Atlantic F125 Design 1500W;Atlantic;https://avatars.mds.yandex.net/get-mpic/4289990/img_id6643003934401654444.jpeg/9;3410530030281
1;Topperr Губчатый фильтр для пылесосов TEFAL,ROWENTA, 1 шт., FTL 70;Topperr;https://avatars.mds.yandex.net/get-mpic/7067087/img_id3965786830354998353.jpeg/9;4607121415445
1;Вытяжка GRAUDE DHE 60.1 C;GRAUDE;https://avatars.mds.yandex.net/get-mpic/1928572/img_id5745639805678023265.png/9;4260475243210
1;Кронштейн TRONE C-2 для свч черный .;Trone;https://avatars.mds.yandex.net/get-mpic/5287705/img_id6715282336455668162.jpeg/9;4607078420486
1;Миксер KITFORT КТ-1370 планетарный;KITFORT;https://avatars.mds.yandex.net/get-mpic/6462174/img_id6506688812635104823.jpeg/9;4630017826650
1;Микроволновая печь Samsung MG23K3614AK;Samsung;https://avatars.mds.yandex.net/get-mpic/4866352/img_id8143125826444298337.jpeg/9;8801643930356
1;Vgr v-287;VGR;https://avatars.mds.yandex.net/get-mpic/5332938/img_id6553112374310131737.jpeg/9;6973224082876
1;Воздухоувлажнитель Ballu UHB-200;Ballu;https://avatars.mds.yandex.net/get-mpic/4947485/img_id7520750304823801509.jpeg/9;2110026416636
1;SAKURA Миксер SAKURA SA-6313CBK;Sakura;https://avatars.mds.yandex.net/get-mpic/4334579/img_id8021226675880388926.jpeg/9;4627121308103
1;Измельчитель пищевых отходов бытовой BoneCrusher 810;Bone Crusher;https://avatars.mds.yandex.net/get-mpic/1521939/img_id8491881352331462972.png/9;4607813120053
1;Пылесос ручной (handstick) Philips FC6722/01;Philips;https://avatars.mds.yandex.net/get-mpic/4465918/img_id6744440669404661270.jpeg/9;8710103903833
1;Накопительный электрический водонагреватель Atlantic Vertigo Steatite 80 W WiFi, белый;Atlantic;https://avatars.mds.yandex.net/get-mpic/4377400/img_id5464532075405151125.jpeg/9;3410538412782
1;Машинка для стрижки Philips HC5630, серебристый;Philips;https://avatars.mds.yandex.net/get-mpic/5311850/img_id8965079733526389129.jpeg/9;8710103904564
1;Кухонный комбайн Clatronic KM 3630 красный;Clatronic;https://avatars.mds.yandex.net/get-mpic/4544006/img_id3422581608406791423.jpeg/9;4006160637397
1;Кофеварка REDMOND SkyCoffee M1525S;REDMOND;https://avatars.mds.yandex.net/get-mpic/4304254/img_id715168873949678258.jpeg/9;5055323636042
1;Оверлок Janome AirThread 2000D Professional;Janome;https://avatars.mds.yandex.net/get-mpic/5218438/img_id1609519281935698304.jpeg/9;8956513100107
1;Измельчитель Centek CT-1395;Centek;https://avatars.mds.yandex.net/get-mpic/4345877/img_id958523795902050563.jpeg/9;4680353014624
1;Накопительный электрический водонагреватель De Luxe W50V10, белый;De Luxe;https://avatars.mds.yandex.net/get-mpic/4250892/img_id5070124561481018058.png/9;4607148939047
1;Робот-мойщик окон Xiaomi HUTT W55, белый;HUTT;https://avatars.mds.yandex.net/get-mpic/4304063/img_id2844874223477637406.jpeg/9;6971820280306
1;ХолодильникMR-LXR68EM-GSL-R Mitsubishi Electric MR-LXR68EM-GSL-R;Mitsubishi Electric;https://avatars.mds.yandex.net/get-mpic/5209134/img_id6522920425810860889.jpeg/9;8850519340058
1;Триммер Wahl 9918-1416;Wahl;https://avatars.mds.yandex.net/get-mpic/5486142/img_id8717460099509981236.jpeg/9;043917001005
1;Щипцы Centek CT-2026;Centek;https://avatars.mds.yandex.net/get-mpic/4880383/img_id2896830571027766363.png/9;4680353009972
1;Встраиваемая варочная панел Korting HK 6205 RN;Korting;https://avatars.mds.yandex.net/get-mpic/3725687/img_id3910017016402678242.jpeg/9;4620766483662
1;Варочная поверхность AVEX HM 4531 B;AVEX;https://avatars.mds.yandex.net/get-mpic/1244413/img_id926837789983575069.jpeg/9;4680013319069
1;Кофемашина Polaris PCM 2001AE;Polaris;https://avatars.mds.yandex.net/get-mpic/4776349/img_id1038036693228757733.jpeg/9;5055539139061
1;BEON Измельчитель BEON BN-2700;BEON;https://avatars.mds.yandex.net/get-mpic/4267432/img_id6095352896645483180.jpeg/9;4623723178953
1;Кофеварка Polaris PCM 0613A нержавеющая сталь;Polaris;https://avatars.mds.yandex.net/get-mpic/5209485/img_id4637397834895126703.jpeg/9;5055539128607
1;Встраиваемая посудомоечная машина Schaub Lorenz SLG VI6110;Schaub Lorenz;https://avatars.mds.yandex.net/get-mpic/1884605/img_id8052111112992197170.jpeg/9;4660013904922
1;ANDIS Аккумуляторная окантовочная машинка с Т-образным ножом T-Out Andis Серый;Andis;https://avatars.mds.yandex.net/get-mpic/4367383/img_id1011919997585921233.png/9;040102740008
1;Воздухонагреватель инфракрасный ELITECH ТП 2ЕИ;ELITECH;https://avatars.mds.yandex.net/get-mpic/4547325/img_id1089991072749194557.jpeg/9;4640032000256
1;Н/п эл Midea MCH32329FW;Midea;https://avatars.mds.yandex.net/get-mpic/364668/img_id8233589369197690858.jpeg/9;4627121250150
1;Утюг Vitek VT-8309 BK, 1047051;Vitek;https://avatars.mds.yandex.net/get-mpic/5042167/img_id7155707132616322230.jpeg/9;6970435713292
1;Мороженица Nemox Dolce Vita 1,5L Black;Nemox;https://avatars.mds.yandex.net/get-mpic/1521939/img_id8502994701761853863/9;8024872124598
1;Встраиваемая электрическая варочная панель Monsher MHE 33;MONSHER;https://avatars.mds.yandex.net/get-mpic/4592225/img_id6068685912597408189.png/9;4260420816674
1;Аккумулятор Pitatel для пылесосов Dyson DC31, DC34, DC35, DC44, DC45, Li-Ion 22.2V 2000mAh;Pitatel;https://avatars.mds.yandex.net/get-mpic/4034173/img_id4474320403692411561.jpeg/9;4670014605520
1;Вентилятор Coolfort CF-2005;Coolfort;https://avatars.mds.yandex.net/get-mpic/5175047/img_id2019655809525280538.jpeg/9;6971764324982
1;Блинница Tefal PY 3036 Crep'party compact пурпурный;Tefal;https://avatars.mds.yandex.net/get-mpic/3721790/img_id2806960079789231582.jpeg/9;3168430802650
1;Фен Centek CT-2230 RBL .;CENTEK;https://avatars.mds.yandex.net/get-mpic/3698270/img_id7351671873181483403.png/9;4680353001105
1;Уплотнитель двери 754066 духовки Bosch/Siemens;Bosch;https://avatars.mds.yandex.net/get-mpic/4399094/img_id2599881185127584745.jpeg/9;00754066
1;Бытовой измельчитель FRANKE TE-50 красный / серебристый;FRANKE;https://avatars.mds.yandex.net/get-mpic/7666641/img_id3137845545745263509.jpeg/9;7612985502085
1;Бытовой измельчитель FRANKE TE-50 (Цвет: Red);FRANKE;https://avatars.mds.yandex.net/get-mpic/7666641/img_id3137845545745263509.jpeg/9;7612985502085
1;Настольная плита CASO Pro Chef 3500;CASO;https://avatars.mds.yandex.net/get-mpic/4314340/img_id8380702572186887689.jpeg/9;4038437023640
1;Сушилка Kitfort KT-1904, черный;Kitfort;https://avatars.mds.yandex.net/get-mpic/5281727/img_id9155735500821951549.jpeg/9;4630017744121
1;Миксер Delta Lux DL-5071C белый с розовым;Delta Lux;https://avatars.mds.yandex.net/get-mpic/5142344/img_id5997162960295466074.jpeg/9;4690597168267
1;Стеклянный чайник электрический Energy E-250, 1,7 л;Energy;https://avatars.mds.yandex.net/get-mpic/4034372/img_id8904845417062601343.jpeg/9;4690408149249
1;Вытяжка Jet Air Molly P90 INX;Jetair;https://avatars.mds.yandex.net/get-mpic/1767151/img_id5890527918454548080/9;4607153823089
1;Фильтры A-Market для робота-пылесоса Xiaomi Mi Essential G1;A-Market;https://avatars.mds.yandex.net/get-mpic/5159019/img_id5151328459436201456.png/9;2000000010458
1;Panasonic WEW0983X503 (Сменная насадка);Panasonic;https://avatars.mds.yandex.net/get-mpic/1554397/img_id1648889856219180596.jpeg/9;5025232896059
1;Чайник MAUNFELD MFK-622CH;MAUNFELD;https://avatars.mds.yandex.net/get-mpic/4441046/img_id4347878412700846332.jpeg/9;4610091781281
1;Сушильная машина LG DC90V9V9W, белый;LG;https://avatars.mds.yandex.net/get-mpic/5194541/img_id6703589888291389991.jpeg/9;8806098565368
1;Пылесос Bosch BGLS48GOLD, черный;Bosch;https://avatars.mds.yandex.net/get-mpic/1565610/img_id6019357029788423756.png/9;4242005192984
1;Угольный фильтр для вытяжек Smeg KITFC161;Smeg;https://avatars.mds.yandex.net/get-mpic/4415357/img_id7437225101768223220.jpeg/9;8017709069445
1;Уплотнитель двери для холодильника Indesit, Ariston, Stinol, Hotpoint-Ariston 570х770 под планку;Stinol;https://avatars.mds.yandex.net/get-mpic/5319505/img_id5311046384944116295.jpeg/9;2000000001746
1;Робот-пылесос Roborock Robot Vacuum E5 White;Roborock;https://avatars.mds.yandex.net/get-mpic/5232583/img_id4526239117438782151.png/9;6970995782905
1;Робот-пылесос с УФ лампой КТ-553;Kitfort;https://avatars.mds.yandex.net/get-mpic/5220597/img_id2859545790375735345.jpeg/9;4630017826193
1;Стайлер Philips BHB864/00;Philips;https://avatars.mds.yandex.net/get-mpic/4367383/img_id4107512132891677042.jpeg/9;8710103764908
1;Оверлок Janome MyLock 087DW;Janome;https://avatars.mds.yandex.net/get-mpic/5246132/img_id1915891202196316096.jpeg/9;4933621706944
1;Бритва Агидель-318С;ФГУП УППО;https://avatars.mds.yandex.net/get-mpic/175985/img_id5759126192443707438/9;4603725252004
1;Фильтр угольный воздушный CF103T (2 шт);MAUNFELD;https://avatars.mds.yandex.net/get-mpic/5221857/img_id7671161253222328240.jpeg/9;4640020994376
1;Мини-печь ENDEVER Danko-4035, черный;ENDEVER;https://avatars.mds.yandex.net/get-mpic/4407413/img_id8246441572549589426.jpeg/9;4630034131737
1;Чайник Vitek VT-7095;Vitek;https://avatars.mds.yandex.net/get-mpic/4397559/img_id2350690294913410791.jpeg/9;6970435712721
1;Электробритва Braun 50-R1200s Series 5, красный;Braun;https://avatars.mds.yandex.net/get-mpic/5215227/img_id432484996022950794.png/9;4210201287698
1;Пылесос LG VK-69662N;LG;https://avatars.mds.yandex.net/get-mpic/4397559/img_id4029942376796014733.jpeg/9;8806087884708
1;Пылесос Kitfort KT-529-1 White-Black;Kitfort;https://avatars.mds.yandex.net/get-mpic/5220597/img_id100798940075116281.jpeg/9;4630017714377
1;Пылесос ROIDMI X20 Cordless Vacuum Cleaner;Roidmi;https://avatars.mds.yandex.net/get-mpic/4429951/img_id7340627122110489253.jpeg/9;6970019142388
1;База для метеостанций Bresser «5 в 1» WTW;BRESSER;https://avatars.mds.yandex.net/get-mpic/7389277/img_id7501080233147108840.jpeg/9;4007922064611
1;Бойлер косвенного нагрева Termica AMET 150 INOX;Termica;https://avatars.mds.yandex.net/get-mpic/4484220/img_id5195256307268056079.jpeg/9;7930064170766
1;Гриль Redmond SteakMaster RGM-M817D, черный;Redmond;https://avatars.mds.yandex.net/get-mpic/7150287/img_id3815212373595139496.png/9;5055323640193
1;Прочая бытовая техника Endever Фен для волос Endever Aurora 474;Endever;https://avatars.mds.yandex.net/get-mpic/1644362/img_id5880854675368870907.jpeg/9;4630034132642
1;Кухонные весы Scarlett SC-KS57P39 черный/коричневый/красный;Scarlett;https://avatars.mds.yandex.net/get-mpic/6259165/img_id7608392849194773616.jpeg/9;5050370314530
1;Чайник электрический Zelmer ZCK7924;Zelmer;https://avatars.mds.yandex.net/get-mpic/4407580/img_id1334970197936828499.jpeg/9;5908269346707
1;Стиральная машина Beko WSPE6H616W белый/черный;BEKO;https://avatars.mds.yandex.net/get-mpic/5214322/img_id6423612608244173720.jpeg/9;4680037173012
1;Электрический духовой шкаф Simfer B6EW16011,5 режимов работы, конвекция;Simfer;https://avatars.mds.yandex.net/get-mpic/6982353/img_id2025160054527598369.jpeg/9;8699272058882
1;Накопительный электрический водонагреватель De Luxe 2W15Vs1 1203032;De Luxe;https://avatars.mds.yandex.net/get-mpic/3689399/img_id7234407620249374599.png/9;4607148935711
1;Швейная машина Jaguar CR-990;Jaguar;https://avatars.mds.yandex.net/get-mpic/1525215/img_id7869133911450569126.jpeg/9;4996856112010
1;Чайник Scarlett SC-EK27G19 черный;Scarlett;https://avatars.mds.yandex.net/get-mpic/4615030/img_id8849765072195935448.jpeg/9;5050370308089
1;Весы кухонные ADE KE 1820-2 Alessa black. 5кг/1г, алюминиевый сплав, черные;ADE;https://avatars.mds.yandex.net/get-mpic/6257919/img_id6678772149353775396.jpeg/9;4260598539443
1;Тепловентилятор Patriot PT-R24 633307285;PATRIOT;https://avatars.mds.yandex.net/get-mpic/1673800/img_id8184745965253718267.jpeg/9;4630065970480
1;Аккумулятор для пылесоса Dyson DC31, DC31 Animal. 22.2V 1500mAh Li-ion Type A. PN: 17083-2811.;TopON;https://avatars.mds.yandex.net/get-mpic/4579830/img_id8726972819401176646.jpeg/9;4650100570062
1;Газовая варочная панель HOMSair/ Газовая варочная панель HOMSair HGE323GCWH;HOMSAIR;https://avatars.mds.yandex.net/get-mpic/1888674/img_id5990790532157022411.png/9;4640020999616
1;"Самогонный аппарат Добрый Жар ""Дачный"" с сухопарником 20 литров";Добрый Жар;https://avatars.mds.yandex.net/get-mpic/3612791/img_id8095265553014293217.png/9;4623722780225
1;Ортодонтические насадки для Revyline RL 200/210, 2 шт;Revyline;https://avatars.mds.yandex.net/get-mpic/5042167/img_id2632492590728757606.jpeg/9;2000312035354
1;Фен GA.MA IQ PERFETTO PH6060.BK;GA.MA;https://avatars.mds.yandex.net/get-mpic/4219828/img_id9151891324106191132.jpeg/9;8023277137158
1;Электрическая плита Лысьва ЭП 301 СТ белый;Лысьва;https://avatars.mds.yandex.net/get-mpic/4380539/img_id5459857290873447284.jpeg/9;4602807901724
1;Узкая, 84.5x45x55 см, 10 комплектов, 5 программ, расход 11л, электронное управление, антибактериальный фильтр, верхняя корзинана EASY LIFT, защита от утечки LEAKAGE PROTECTION, таймер;Schaub Lorenz;https://avatars.mds.yandex.net/get-mpic/4866824/img_id7750240640661001495.png/9;4660013904885
1;Микроволновая печь соло Hyundai HYM-M2038;Hyundai;https://avatars.mds.yandex.net/get-mpic/4912684/img_id7459230343534709022.jpeg/9;4630084222140
1;Погружной блендер Braun MQ 7035X;Braun;https://avatars.mds.yandex.net/get-mpic/5206920/img_id1458587208154168997.jpeg/9;8021098774620
1;Встраиваемая вытяжка MAUNFELD Crosby Light 50 белый;MAUNFELD;https://avatars.mds.yandex.net/get-mpic/5151028/img_id3420486358379662808.png/9;4610091781069
1;Комбинированная плита De Luxe 5040.20гэ(кр)чр белый;De Luxe;https://avatars.mds.yandex.net/get-mpic/4252138/img_id7068016432731388540.png/9;4607148933823
1;Brush-Baby BabySonic электрическая зубная щетка, 0-3 года, розовая;Brush Baby;https://avatars.mds.yandex.net/get-mpic/175985/img_id4980274739038167589/9;5060178101416
1;Электрическая плита Мечта 112Т белая;Мечта;https://avatars.mds.yandex.net/get-mpic/7543961/img_id4050754698039086689.jpeg/9;4983600494577
1;Нера фильтр ABC для пылесосов Philips: Marathon Compact;A-Market;https://avatars.mds.yandex.net/get-mpic/5243677/img_id2320941396220549268.png/9;2000000006901
1;Оверлок Aurora 700D;Aurora;https://avatars.mds.yandex.net/get-mpic/1522540/img_id7778478007420067836/9;4631136465195
1;Утюг Sakura SA-3018CR;Sakura;https://avatars.mds.yandex.net/get-mpic/1554397/img_id2824589095724142517.jpeg/9;4627089536853
1;Пылесос VITEK VT-8137, синий;VITEK;https://avatars.mds.yandex.net/get-mpic/4397559/img_id4383594078104599399.jpeg/9;6971764321073
1;Оверлок Janome Т-72 белый;Janome;https://avatars.mds.yandex.net/get-mpic/5346847/img_id6198179259266675809.jpeg/9;4933621705527
1;Кухонная вытяжка Maunfeld MP360-1 нержавеющая сталь ln;Maunfeld;https://avatars.mds.yandex.net/get-mpic/5221004/img_id530259008039680927.jpeg/9;4670002453911
1;Обогреватель Ресанта ОК-1500СН 67/4/20 .;РЕСАНТА;https://avatars.mds.yandex.net/get-mpic/1353698/img_id5244151951506025019.png/9;2007879711035
1;Кулер Aqua Work 16-LK/HLN бело-синий;Aqua Work;https://avatars.mds.yandex.net/get-mpic/4322107/img_id2293219266632789148.jpeg/9;4607157580599
1;Электрическая варочная панель MAUNFELD EEHE.32.4W;MAUNFELD;https://avatars.mds.yandex.net/get-mpic/4393885/img_id8765444305158700270.jpeg/9;4640020992228
1;Врезной блок Zigmund&Shtain K 376.71 S/нерж 1010 м3Румыния;Zigmund & Shtain;https://avatars.mds.yandex.net/get-mpic/4785755/img_id6925068263321832195.jpeg/9;4250055607815
1;Отпариватель напольный STARWIND SVG3220, белый / красный;STARWIND;https://avatars.mds.yandex.net/get-mpic/4345877/img_id70342835756678342.jpeg/9;4630043291460
1;Вытяжка Konigin Neo White 60;Konigin;https://avatars.mds.yandex.net/get-mpic/4410238/img_id5071723553968855978.jpeg/9;5901703820245
1;Трехфазный проточный водонагреватель STIEBEL ELTRON PHB 24;Stiebel Eltron;https://avatars.mds.yandex.net/get-mpic/4393885/img_id907514978221605759.jpeg/9;4017212340011
1;Умный электрогриль Tefal Grill Panini GC241D12;Tefal;https://avatars.mds.yandex.net/get-mpic/1571888/img_id6722851308450141270.jpeg/9;3016661148538
1;Духовой шкаф Beko BIE24100B;Beko;https://avatars.mds.yandex.net/get-mpic/4590616/img_id3245610437551090197.png/9;8690842026621
1;Вспениватель молока First Austria 5293-RE;First Austria;https://avatars.mds.yandex.net/get-mpic/1567763/img_id8997843788790754735.jpeg/9;9003898000603
1;Vesta filter Синтетические пылесборники SM 09S, 4 шт.;Vesta filter;https://avatars.mds.yandex.net/get-mpic/5209712/img_id1219284952455286883.jpeg/9;4607034630959
1;Тряпка/салфетка A-market к пылесосу ilife v3s, V3Spro, V50.;A-Market;https://avatars.mds.yandex.net/get-mpic/4809526/img_id1717920194090107904.png/9;2000000006451
1;Водонагреватель накопительный Аристон ABSE VLS PRO PW 50 (3700698);Ariston;https://avatars.mds.yandex.net/get-mpic/5209894/img_id4082081618800394747.jpeg/9;5414849972636
1;Проекционная метеостанция с дистанционным терморадиодатчиком RST 32774;RST;https://avatars.mds.yandex.net/get-mpic/1244413/img_id4081937954892791801.jpeg/9;7316040327742
1;Термопот Mystery MTP-2450;Mystery;https://avatars.mds.yandex.net/get-mpic/4559636/img_id3669440124255944485.jpeg/9;4897020616627
1;Очиститель воздуха VIOMI Smart Air Purifier Pro (UV);VIOMI;https://avatars.mds.yandex.net/get-mpic/5210335/img_id6439264712984614477.jpeg/9;6923185616573
1;Эл. плита Beko FFSS 56000 W;Beko;https://avatars.mds.yandex.net/get-mpic/200316/img_id2301327012342339487.jpeg/9;8690842149061
1;Измельчитель Kitfort KT-3017-5 желтый;Kitfort;https://avatars.mds.yandex.net/get-mpic/4119563/img_id1632168068612746318.jpeg/9;4630017929337
1;Весы кухонные электронные Homestar HS-3006 , до 5кг Мороженое;Homestar;https://avatars.mds.yandex.net/get-mpic/3707358/img_id4308590416831197483.jpeg/9;4690408108093
1;Электрический духовой шкаф TEKA HSB 630 BLACK (41560132), черный;TEKA;https://avatars.mds.yandex.net/get-mpic/4101287/img_id1736956757402590399.jpeg/9;8421152156797
1;Миксер First FA-5263-2;First;https://avatars.mds.yandex.net/get-mpic/5068955/img_id5661287258142125151.jpeg/9;9003898526325
1;Насадка кувшин-измельчитель Braun MQ40 Белый (1250 мл);Braun;https://avatars.mds.yandex.net/get-mpic/5257755/img_id8575223738884970280.jpeg/9;8021098770424
1;Щипцы Harizma Creative черный (H10303-09);harizma;https://avatars.mds.yandex.net/get-mpic/195452/img_id6895284394041769091/9;4627075508130
1;Мясорубка ECON ECO-1011MG белый;ECON;https://avatars.mds.yandex.net/get-mpic/5173454/img_id2656582855326954736.jpeg/9;4895227604645
1;Сетка и режущий блок Braun 30B Combipack;Braun;https://avatars.mds.yandex.net/get-mpic/5252277/img_id7279860934342335359.jpeg/9;4210201072737
1;Пароочиститель Kitfort KT-906;Kitfort;https://avatars.mds.yandex.net/get-mpic/4984138/img_id3235764312999983290.jpeg/9;5578451960266
1;Ультразвуковой увлажнитель Royal Clima RUH-MR200/1.5M-WT;Royal Clima;https://avatars.mds.yandex.net/get-mpic/5288781/img_id4355455912479788330.jpeg/9;4627103293175
1;Кухонный комбайн Sencor STM 6351GR бирюзовый;Sencor;https://avatars.mds.yandex.net/get-mpic/4866824/img_id288282027439133985.jpeg/9;8590669220892
1;Холодильник DON R-295 006 (007) S слоновая кость;DON;https://avatars.mds.yandex.net/get-mpic/4742551/img_id5570208453932806335.jpeg/9;4627081190473
1;Кофемашина Philips EP2231/40;Philips;https://avatars.mds.yandex.net/get-mpic/5068955/img_id4517905664021726120.jpeg/9;8710103896050
1;Сплит-система Centek CT-65E12;Centek;https://avatars.mds.yandex.net/get-mpic/4303914/img_id5618012408922990301.png/9;4680353011333
1;Стиральная машина Beko WSRE7612XAWI;BEKO;https://avatars.mds.yandex.net/get-mpic/4818396/img_id4435032511341331795.jpeg/9;4680037173395
1;Сушилка для овощей, грибов и фруктов Kitfort KT-1916;Kitfort;https://avatars.mds.yandex.net/get-mpic/4408567/img_id5076391967375747381.jpeg/9;4630017913664
1;Кофемашина капсульная De'Longhi Nespresso Inissia EN 80, черный;De'Longhi;https://avatars.mds.yandex.net/get-mpic/5210681/img_id627426490614001972.png/9;5551809729542
1;Швейная машина Aurora STYLE 7, бело-сиреневый;Aurora;https://avatars.mds.yandex.net/get-mpic/5165418/img_id335311728938528023.jpeg/9;4631136365266
1;Тостер HOMESTAR HS-2014;HomeStar;https://avatars.mds.yandex.net/get-mpic/4304063/img_id6062921814664770110.jpeg/9;4690408123409
1;Решетка для мясорубки Panasonic, Polaris крупная;Китай;https://avatars.mds.yandex.net/get-mpic/6175580/img_id3759392684478499999.jpeg/9;2000000003368
1;Зубная щетка Kenwell RST2060;Kenwell;https://avatars.mds.yandex.net/get-mpic/4977072/img_id4288113724881432992.jpeg/9;8429723610105
1;Метеостанция Bresser Temp. Товар уцененный;BRESSER;https://avatars.mds.yandex.net/get-mpic/4880383/img_id5019754368006194004.png/9;0643824211605
1;OMRON KIDS CS-19h;OMRON;https://avatars.mds.yandex.net/get-mpic/1244413/img_id2948326383026020608.jpeg/9;4607043671684
1;Машинка для стрижки Philips HC3525 Series 3000, серый/черный;Philips;https://avatars.mds.yandex.net/get-mpic/2016828/img_id3264737045183718627.jpeg/9;8710103970316
1;Весы кухонные электронные ir-7127;Irit;https://avatars.mds.yandex.net/get-mpic/5236108/img_id971756779773454932.jpeg/9;4620018624966
1;Чайник Energy E-298 005622 .;Energy;https://avatars.mds.yandex.net/get-mpic/4345877/img_id3783103092861635522.jpeg/9;4690408139202
1;Обогреватель Centek CT-6200, масляный, напольный, 1500 Вт, 15 м², 7 секций, чёрный(В наборе1шт.);CENTEK;https://avatars.mds.yandex.net/get-mpic/5318100/img_id5495446556283835756.jpeg/9;2900093557369
1;5337-3 Сэндвичница FIRST, 800 Вт, 2 сэндвича, антиприг.покр., замок.Термостат.Black;FIRST AUSTRIA;https://avatars.mds.yandex.net/get-mpic/4809583/img_id3108538419686496401.jpeg/9;9003898533736
1;Миксер Kelli KL-5071 черный .;Kelli;https://avatars.mds.yandex.net/get-mpic/200316/img_id1113750493569532634.jpeg/9;4620039365695
1;Плойка для завивки BaByliss Pro 25 мм с терморегулятором;BaBylissPRO;https://avatars.mds.yandex.net/get-mpic/4887676/img_id3866531481513933422.jpeg/9;3030050047301
1;Водонагреватель электрический накопительного типа ROYAL Clima RWH-BI80-FS;Royal Clima;https://avatars.mds.yandex.net/get-mpic/4383514/img_id5008560017331073266.png/9;4627174386608
1;Настольная электрическая плита Centek CT-1508 красный;Centek;https://avatars.mds.yandex.net/get-mpic/4614963/img_id2576131748730160413.jpeg/9;4680353001150
1;Пылесос BBK BV2514 (красный/черный);BBK;https://avatars.mds.yandex.net/get-mpic/4303914/img_id6301243123003699407.jpeg/9;4897055285508
1;Холодильник Beko RCNK321E20BW белый (двухкамерный);BEKO;https://avatars.mds.yandex.net/get-mpic/5217690/img_id6550753116869469947.jpeg/9;101677686
1;Кофемашина DeLonghi ECAM 23.460.S;De'Longhi;https://avatars.mds.yandex.net/get-mpic/7689172/img_id9204079192019442455.jpeg/9;8004399326835
1;Обогреватель, тепловентилятор Sakura SA-0507 (белый);Sakura;https://avatars.mds.yandex.net/get-mpic/5216453/img_id3411553221335503404.jpeg/9;4620765247944
1;Водонагреватель аккумуляционный электрический THERMEX MK 30 V;Thermex;https://avatars.mds.yandex.net/get-mpic/4428744/img_id6598861342466022377.png/9;4670007714208
1;Электрический духовой шкаф TEKA HRB 6100 VNB BRASS, бежевый;TEKA;https://avatars.mds.yandex.net/get-mpic/4291905/img_id7690821345913694411.jpeg/9;8434778008593
1;Проточный газовый водонагреватель Innovita Primo 11i;Innovita;https://avatars.mds.yandex.net/get-mpic/5205776/img_id1357587970708116712.jpeg/9;4631152645472
1;Зубная электрощетка Revyline RL 010 Pink;Revyline;https://avatars.mds.yandex.net/get-mpic/4592225/img_id3413949365193209648.jpeg/9;2000145903073
1;Купольная вытяжка GEFEST ВО-1602, белый;GEFEST;https://avatars.mds.yandex.net/get-mpic/199079/img_id2969524376339551219/9;4811260004440
1;Кофемолка Melitta Molino Red/Black;Melitta;https://avatars.mds.yandex.net/get-mpic/4081122/img_id6934833187968455724.jpeg/9;4006508212958
1;Пылесос KITFORT КТ-525-1 оранжевый;Kitfort;https://avatars.mds.yandex.net/get-mpic/7888310/img_id1219561544456905907.jpeg/9;4630017715169
1;Кофеварка Sharp TET01ZGR зеленая;Sharp;https://avatars.mds.yandex.net/get-mpic/1862701/img_id5846768138704871095.jpeg/9;4974019870267
1;Фен Hottek Ht-967-101 2200 Вт С Профессиональным Ac Мотором, Цвет Золотой KSG-967-101;HOTTEK;https://avatars.mds.yandex.net/get-mpic/4219828/img_id2544111037671676628.jpeg/9;6907009671016
1;Пылесос Lira LR 1001;Lira;https://avatars.mds.yandex.net/get-mpic/5142344/img_id6886619447840957077.jpeg/9;4670019724813
1;Накопительный электрический водонагреватель Thermex TitaniumHeat 150 V;Thermex;https://avatars.mds.yandex.net/get-mpic/4497593/img_id8223377784081086480.jpeg/9;4670007719661
1;Холодильник MXM-2835-00 (90, 97) ATLANT;ATLANT;https://avatars.mds.yandex.net/get-mpic/5312584/img_id3528015028237281232.jpeg/9;4811159017698
1;Пылесос ARNICA Klik Klak черный;ARNICA;https://avatars.mds.yandex.net/get-mpic/5233098/img_id7577198776659683581.png/9;8692341133305
1;Кухонные вытяжки Jacky's Наклонная вытяжка Jacky's JV WW682;Jacky's;https://avatars.mds.yandex.net/get-mpic/4393885/img_id8290474300721319516.jpeg/9;4627184880141
1;Конвектор электрический энергосберегающий Рэсси-750 (14 м²);РЭССИ;https://avatars.mds.yandex.net/get-mpic/5221807/img_id1157279236238123899.png/9;4670016985262
1;Шашлычница-гриль Mystery MOT-3320;Mystery;https://avatars.mds.yandex.net/get-mpic/4407413/img_id703921717716176342.jpeg/9;4897020616139
1;Прибор для домашнего консервирования Sencor SPP 2100WH .;Sencor;https://avatars.mds.yandex.net/get-mpic/4937511/img_id2191710891084305911.jpeg/9;8590669225590
1;Вспениватель для молока BBK BMF025, черный;BBK;https://avatars.mds.yandex.net/get-mpic/4304063/img_id635272146754730704.jpeg/9;4897055284327
1;Хлебопечка Centek CT-1406 White <900г> 650Вт 19 программ (йогурт, джем, кекс), LCD, отсрочка;CENTEK;https://avatars.mds.yandex.net/get-mpic/199079/img_id8103441466960546888/9;4680353018707
1;Коверлок Juki MO-735;Juki;https://avatars.mds.yandex.net/get-mpic/96484/img_id7694976685253319216/9;4946973008055
1;Электробритва Xiaomi Mijia Electric Shaver S500 Global, черный;Xiaomi;https://avatars.mds.yandex.net/get-mpic/7660527/img_id6348244875400086567.jpeg/9;6934177717185
1;Картридж для кофемашин Krups F08801;Krups;https://avatars.mds.yandex.net/get-mpic/4304063/img_id3465688197683570470.jpeg/9;010942120247
1;Сушилка для овощей и фруктов Ротор Дива Люкс СШ - 010 с 5 решетами в цветной упаковке (квадратная);Ротор;https://avatars.mds.yandex.net/get-mpic/5194541/img_id1547472430316045661.jpeg/9;4650054403577
1;МИГ 3128А электробритва 3-х ножевая со съемным триммером, аккумуляторная, влагозащищенная;МиГ;https://avatars.mds.yandex.net/get-mpic/1749547/img_id4900875093960301612.jpeg/9;4607116088180
1;Газовая варочная панель Gefest 2002;Gefest;https://avatars.mds.yandex.net/get-mpic/5307186/img_id3157406084531660452.jpeg/9;4811260009063
1;Кухонная плита Gorenje K 5111 WG;Gorenje;https://avatars.mds.yandex.net/get-mpic/4736439/img_id1793284347250891756.jpeg/9;3838782022494
1;Накопительный электрический водонагреватель Electrolux EWH 50 Royal;Electrolux;https://avatars.mds.yandex.net/get-mpic/5425309/img_id498376039906421830.jpeg/9;7312972127702
1;Стайлер Babyliss Digicurl BAB2914E;BaByliss;https://avatars.mds.yandex.net/get-mpic/1961245/img_id1537879250989140676.jpeg/9;3030050152906
1;Фен-щетка BaByliss AS126E, черная/розовая;BaByliss;https://avatars.mds.yandex.net/get-mpic/5334818/img_id5243152396310573914.jpeg/9;3030050153774
1;Фен настенный Valera Premium Smart 1200 Shaver 533.03/032.05;Valera;https://avatars.mds.yandex.net/get-mpic/1453843/img_id8036535866618401595.png/9;7610558007739
1;Водонагреватель THERMEX TitaniumHeat 50 H Slim;Thermex;https://avatars.mds.yandex.net/get-mpic/4393885/img_id5464280664913615437.jpeg/9;4670007719593
1;Чайник Maxtronic MAX-326A .;Maxtronic;https://avatars.mds.yandex.net/get-mpic/4866352/img_id990311819658904892.jpeg/9;4650104460024
1;Фен Beurer HC25 591.13;Beurer;https://avatars.mds.yandex.net/get-mpic/199079/img_id2013446559625177205/9;4211125591137
1;Мини-печь Maunfeld CEMOB.363.W;MAUNFELD;https://avatars.mds.yandex.net/get-mpic/4742551/img_id7079532003681081286.jpeg/9;4640020992679
1;Шашлычница Energy НЕВА-1, серебристый/черный;Energy;https://avatars.mds.yandex.net/get-mpic/5289692/img_id6478136405457280.jpeg/9;4690408078730
1;Сплит-система Electrolux EACS/I-09HM/N3_15Y, белый;Electrolux;https://avatars.mds.yandex.net/get-mpic/5266697/img_id5896568425907274692.jpeg/9;7312970106143
1;Встраиваемый холодильник GRAUDE IKG 180.2;GRAUDE;https://avatars.mds.yandex.net/get-mpic/4737085/img_id3887354314945211307.jpeg/9;4260475241025
1;Метеостанция GARIN Точное Измерение WS-3 термометр-гигрометр-часы-календарь BL1;GARIN;https://avatars.mds.yandex.net/get-mpic/5236177/img_id6314849343431072898.jpeg/9;4680039742315
1;Эл.водонагреватель 50л. верт., эмал., кругл., Ariston PRO1 R 50 V PL;Ariston;https://avatars.mds.yandex.net/get-mpic/4412310/img_id533233429133384010.jpeg/9;5414849791459
1;Вытяжка встраиваемая Elikor Интегра S2 60Н-700-В2Д нержавеющая сталь управление: кнопочное (1 мотор);ELIKOR;https://avatars.mds.yandex.net/get-mpic/5304425/img_id3918296249234020078.jpeg/9;4610017479612
1;Встраиваемая вытяжка Korting KHI 9997 GN;Korting;https://avatars.mds.yandex.net/get-mpic/4377400/img_id4927953755468151877.jpeg/9;4620766488421
1;Робот-пылесос VITEK VT-1806, черный;VITEK;https://avatars.mds.yandex.net/get-mpic/5365919/img_id8596853852189632805.jpeg/9;6971764302539
1;Вытяжка ELIKOR Вента 50Н-430-К3Д нерж;ELIKOR;https://avatars.mds.yandex.net/get-mpic/195452/img_id7997377230130727634/9;4640028111157
1;Морозильная камера Beko RFSK266T01W белый;Beko;https://avatars.mds.yandex.net/get-mpic/4304254/img_id2736930270990409783.jpeg/9;4607144789431
1;Паровая турбощетка;KARCHER;https://avatars.mds.yandex.net/get-mpic/7666641/img_id8565000266204590521.jpeg/9;4039784060142
1;Встраиваемый духовой шкаф Korting Crystal OGG 771 CFX;Korting;https://avatars.mds.yandex.net/get-mpic/5022937/img_id2336497962721373832.jpeg/9;4620766485819
1;Лоток для сбора талой воды компрессор Атлант/Минск, артикул 281160205200;ATLANT;https://avatars.mds.yandex.net/get-mpic/1924580/img_id7665960179615333692.jpeg/9;2000000007908
1;BEKO HILG 64325 SDX;Beko;https://avatars.mds.yandex.net/get-mpic/4408567/img_id3769605258902741436.jpeg/9;8690842203930
1;ECON Блендер ECON ECO-201HB;ECON;https://avatars.mds.yandex.net/get-mpic/5142344/img_id5481384278252819827.jpeg/9;4894659004887
1;Ручной отпариватель BRAYER BR4124;BRAYER;https://avatars.mds.yandex.net/get-mpic/2009321/img_id3105865453519555581.jpeg/9;9120099332538
1;IQ-метеопульт для увлажнителя Electrolux EHU/RC-10;Electrolux;https://avatars.mds.yandex.net/get-mpic/5254153/img_id3113099477317856488.png/9;7312970400166
1;Триммер Braun BT 3242, black;Braun;https://avatars.mds.yandex.net/get-mpic/4606255/img_id6440465309002256917.jpeg/9;4210201283447
1;Dewal Professional Red Titanium - Деваль Рэд Титаниум Плойка для волос, d 38 мм., 50 Вт., 03-2038 -;DEWAL Pro;https://avatars.mds.yandex.net/get-mpic/1353698/img_id3563858790692284315.jpeg/9;4000000443377
1;Чайник First FA-5427-2 серый;First;https://avatars.mds.yandex.net/get-mpic/5209485/img_id4193660011585383310.jpeg/9;9003898542721
1;Электробритва Irit IR-3019;irit;https://avatars.mds.yandex.net/get-mpic/96484/img_id5839536901197922494/9;4607131110859
1;Автоматические щипцы для завивки Philips Series 8000 StyleCare Prestige BHB876/00;Philips;https://avatars.mds.yandex.net/get-mpic/1912105/img_id1989029304006468378.jpeg/9;8710103813378
1;Холодильник Бирюса 120;Бирюса;https://avatars.mds.yandex.net/get-mpic/4342845/img_id6815550742263411353.jpeg/9;4630000766437
1;Чайник Brayer BR1003 1.7L;Brayer;https://avatars.mds.yandex.net/get-mpic/5304425/img_id2853382096512252917.jpeg/9;9120099330015
1;Встраиваемая микроволновая печь Siemens BF634RGS1;Siemens;https://avatars.mds.yandex.net/get-mpic/5194541/img_id6805658644653768446.jpeg/9;4242003676431
1;Водонагреватель-кран UNIPUMP BKF-015, душ;UNIPUMP;https://avatars.mds.yandex.net/get-mpic/397397/img_id3102798981914900004.jpeg/9;4620015756806
1;Накопительный электрический водонагреватель Royal Clima RWH-TS15-RSU TinoSS, белый;Royal Clima;https://avatars.mds.yandex.net/get-mpic/4947485/img_id6148380875377655420.jpeg/9;4627103298484
1;Робот-пылесос 360 Robot Vacuum Cleaner C50-1;360;https://avatars.mds.yandex.net/get-mpic/5233098/img_id5802796297942556618.jpeg/9;6972999590562
1;Измельчитель Gemlux GL-MC400;Gemlux;https://avatars.mds.yandex.net/get-mpic/1642819/img_id3932677245008093516/9;4630016034506
1;Духовой шкаф электрический Lex EDP 092 IX;LEX;https://avatars.mds.yandex.net/get-mpic/4219717/img_id48956403003971800.jpeg/9;4620016722442
1;Электрическая плита Gefest ЭП Н Д 6560-03 0052;GEFEST;https://avatars.mds.yandex.net/get-mpic/4547325/img_id3826546282152238515.jpeg/9;4811260011981
1;Встраиваемая газовая варочная панель Zigmund & Shtain G 12.7 X;Zigmund & Shtain;https://avatars.mds.yandex.net/get-mpic/3694390/img_id6858914043549937812.jpeg/9;4250055608089
1;Т-образная вытяжка Elica JOY BLIX/A/90, черный;Elica;https://avatars.mds.yandex.net/get-mpic/200316/img_id4353810273064148996/9;8020283003286
1;Коверлок Aurora 5000D;Aurora;https://avatars.mds.yandex.net/get-mpic/4776349/img_id5248060289201500315.jpeg/9;4631136465201
1;Вышивальная машина Brother INNOV-IS V3 SE белый;Brother;https://avatars.mds.yandex.net/get-mpic/4984138/img_id8370154894563881859.jpeg/9;4977766782319
1;Кофемашина Philips EP3246/70 Series 3200 LatteGo, черный/серебристый;Philips;https://avatars.mds.yandex.net/get-mpic/4375199/img_id3218025373851666982.jpeg/9;8710103896081
1;Штатив BALLU BIH-LS-220 к ламповому ИК обогревателю BIH-L-2.0. BIH-L-3.0;BALLU;https://avatars.mds.yandex.net/get-mpic/5177817/img_id477727741871405123.png/9;4610021228411
1;Scarlett , SC-EK27G99 Чайник, 2200 Вт, 1.7 л, красный;Scarlett;https://avatars.mds.yandex.net/get-mpic/4984138/img_id1356917976883723951.jpeg/9;5050370306498
1;Чайник электрический Brayer BR1015;Brayer;https://avatars.mds.yandex.net/get-mpic/5217715/img_id5536303160596830257.jpeg/9;9120099332033
1;Электрогриль Maunfeld MF-1311B;Maunfeld;https://avatars.mds.yandex.net/get-mpic/5235101/img_id1603216560108438222.png/9;4640020998893
1;Блендер «3 в 1» КТ-3019;Kitfort;https://avatars.mds.yandex.net/get-mpic/4012265/img_id5122695192731246141.jpeg/9;4630017858125
1;Oasis Варочная панель Oasis P-GB (FN);Oasis;https://avatars.mds.yandex.net/get-mpic/4407580/img_id95538655948206615.jpeg/9;4640015389200
1;Конвектор THERMOR EVIDENCE 3 ELEC 1000W;Thermor;https://avatars.mds.yandex.net/get-mpic/4383514/img_id9015512549802127226.jpeg/9;3546334003371
1;Утюг Tefal FV9848;Tefal;https://avatars.mds.yandex.net/get-mpic/5279099/img_id1090590292671256500.jpeg/9;3121040071526
1;Стационарный блендер BBK KBS1200 (бежевый);BBK;https://avatars.mds.yandex.net/get-mpic/5194541/img_id622805279473166779.jpeg/9;4897055285270
1;Ультразвук для чистки И лифтинга кожи лица LEATHER SHOVEL (2 силиконовых насадки в комплекте);Китай;https://avatars.mds.yandex.net/get-mpic/5234495/img_id5174000242056888914.png/9;4603007000002
1;Электробритва SOOCAS S3 Electric Shaver Красная;Soocas;https://avatars.mds.yandex.net/get-mpic/7452703/img_id1472915623224191479.jpeg/9;6970237662217
1;Oasis Va-60b (fr) Вытяжка кухонная .;Oasis;https://avatars.mds.yandex.net/get-mpic/4448884/img_id2306320770214786726.jpeg/9;4640130911621
1;Встраиваемая вытяжка Krona Kamilla R 2M 600 X (нержавеющая сталь);Krona;https://avatars.mds.yandex.net/get-mpic/4393885/img_id6444742803148857.jpeg/9;4260286892416
1;Чайник Kitfort КТ-670-1 графит;Kitfort;https://avatars.mds.yandex.net/get-mpic/5220030/img_id5949645267353058213.jpeg/9;4630017713424
1;Отпариватель напольный KITFORT КТ-919 белый/розовый;Kitfort;https://avatars.mds.yandex.net/get-mpic/5142344/img_id7960375151618687406.jpeg/9;4630017714315
1;Т-образная вытяжка Elica HAIKU BL/A/90, цвет корпуса черный, цвет окантовки/панели черный;Elica;https://avatars.mds.yandex.net/get-mpic/4462738/img_id3310725228275844357.jpeg/9;8020283045941
1;Инфракрасный обогреватель Oasis IG-20 (P), серый;Oasis;https://avatars.mds.yandex.net/get-mpic/4464754/img_id5587665581742001124.jpeg/9;4640039486459
1;Выключатель света для холодильников Атлант ВК-70-2, 0,5А, 250V, 908081700128;ATLANT;https://avatars.mds.yandex.net/get-mpic/1912364/img_id6343300291357437396.jpeg/9;9810000837466
1;Индукционная варочная панель Bosch PUE611FB1E, черный;Bosch;https://avatars.mds.yandex.net/get-mpic/4101287/img_id6149393681461615305.jpeg/9;4242002870571
1;Модуль отопительный электрического конвектора Ballu Apollo Transformer BEC/AT-2000;Ballu;https://avatars.mds.yandex.net/get-mpic/5360356/img_id2807936298932039325.png/9;4680551098464
1;Мини-печь GEFEST ПГ 100 К19;GEFEST;https://avatars.mds.yandex.net/get-mpic/4343092/img_id7094938270114960212.jpeg/9;4811260003931
1;Energy Чайник электрический ENERGY E-279 (164083) стекло черный;Energy;https://avatars.mds.yandex.net/get-mpic/5194541/img_id8674592713282941818.jpeg/9;4690408105474
1;Блендер погружной Moulinex InfinyForce DD944810, 1000 Вт;Moulinex;https://avatars.mds.yandex.net/get-mpic/7473874/img_id7315868059475696919.png/9;3016661157585
1;Фен-щетка Rowenta Brush Activ Volume&Shine CF9530F0;Rowenta;https://avatars.mds.yandex.net/get-mpic/3765589/img_id5433591132586660643.jpeg/9;3121040062753
1;Встраиваемый электрический духовой шкаф Simfer B6EC58016;Simfer;https://avatars.mds.yandex.net/get-mpic/4372348/img_id8969748815207650032.jpeg/9;8699272064227
1;Кофеварка рожковая Smeg ECF01BLEU черный;Smeg;https://avatars.mds.yandex.net/get-mpic/1925870/img_id3418322224667502699.jpeg/9;8017709229924
1;Сплит-система Ballu BSGR-12HN1;Ballu;https://avatars.mds.yandex.net/get-mpic/4012150/img_id4107692480275323498.png/9;4680551126693
1;Насадка универсальная терка Smeg SMSG01 4 пр;SMEG;https://avatars.mds.yandex.net/get-mpic/1970506/img_id5550879179139793566.jpeg/9;8017709222703
1;Двухкамерный холодильник Atlant ХМ 4421-049 ND;Atlant;https://avatars.mds.yandex.net/get-mpic/5214322/img_id8310387458152978825.jpeg/9;4811159046322
1;Электроклапан (solenoid valve) подачи воды 2Wx90 для Indesit, Ariston, 66518;ZeepDeep;https://avatars.mds.yandex.net/get-mpic/4725655/img_id440098113474917241.jpeg/9;4603734462692
1;Пылесос ARNICA Bora 5000, красный;ARNICA;https://avatars.mds.yandex.net/get-mpic/3909438/img_id5201843446240336789.jpeg/9;8692341111310
1;Кухонные весы Zigmund & Shtain Kuchen-Profi DS-115;Zigmund & Shtain;https://avatars.mds.yandex.net/get-mpic/4034173/img_id7626136042598702970.jpeg/9;4250055614042
1;Морозильная камера Бирюса 260 KX;Бирюса;https://avatars.mds.yandex.net/get-mpic/5344732/img_id8314197728827727645.jpeg/9;4630000768516
1;Щипцы-выпрямители Donna+Keratin;Gamma Piu Srl;https://avatars.mds.yandex.net/get-mpic/4362548/img_id699324578596188703.jpeg/9;8021660010521
1;Встраиваемый морозильник Beko BU 1200 HCA;Beko;https://avatars.mds.yandex.net/get-mpic/6223149/img_id7586922450532787861.jpeg/9;8690842363061
1;Фен Centek CT-2270;Centek;https://avatars.mds.yandex.net/get-mpic/4219717/img_id723789601186906187.jpeg/9;4680353018097
1;Соковыжималка Garlyn J-600 Max;Garlyn;https://avatars.mds.yandex.net/get-mpic/5350118/img_id8323382525814082718.png/9;4603738727995
1;Мойка воздуха Polaris PAW 4204Di;Polaris;https://avatars.mds.yandex.net/get-mpic/4408567/img_id2791552758250023914.jpeg/9;5055539131997
1;Накопительный электрический водонагреватель Electrolux EWH 50 Quantum Pro;Electrolux;https://avatars.mds.yandex.net/get-mpic/4353087/img_id8830966416576543220.png/9;7312970107119
1;Блендер стационарный Philips HR2602/00;Philips;https://avatars.mds.yandex.net/get-mpic/4465918/img_id1313071473676261546.jpeg/9;8710103901198
1;Кофемашина Saeco New Royal OTC;Saeco;https://avatars.mds.yandex.net/get-mpic/4742551/img_id5023253345248198444.jpeg/9;8016712037458
1;Мясорубка Endever Sigma 36;ENDEVER;https://avatars.mds.yandex.net/get-mpic/5151433/img_id8231152399758393099.jpeg/9;4640016634491
1;Плита Электрическая Flama AE 1401 W белый эмаль;Flama;https://avatars.mds.yandex.net/get-mpic/4866824/img_id3279422755330951334.jpeg/9;4650055270109
1;SCHMETZ Комбинированные набор с двойной иглой, 9шт;SCHMETZ;https://avatars.mds.yandex.net/get-mpic/4866352/img_id1996927481969741315.jpeg/9;6900073110757
1;Бритва Sakura Sa-5409bk .;Sakura;https://avatars.mds.yandex.net/get-mpic/195452/img_id7609904998796288262/9;4627089537119
1;Погружной блендер Scarlett SC-HB42F62, черный;Scarlett;https://avatars.mds.yandex.net/get-mpic/4303532/img_id2682827042233260371.png/9;5050370322214
1;Конвектор Nobo NTL4S 05, белый;Nobo;https://avatars.mds.yandex.net/get-mpic/4408567/img_id5220674710703221007.jpeg/9;7030690104798
1;Щипцы-гофре для волос электрические Irit IR-3172, бирюзовый;irit;https://avatars.mds.yandex.net/get-mpic/4947485/img_id4884718129663758666.jpeg/9;4620018624027
1;Посудомоечная машина DeLonghi DDW06S Granate platinum;De'Longhi;https://avatars.mds.yandex.net/get-mpic/1345185/img_id642068233961021006.jpeg/9;8024651207245
1;Водонагреватель накопительный Atlantic Steatite (Elite) 100 литров;Atlantic;https://avatars.mds.yandex.net/get-mpic/5175047/img_id1146391699520985696.jpeg/9;3410538612342
1;Соковыжималка Oursson Jm6001/iv (Слоновавя кость) .;Oursson;https://avatars.mds.yandex.net/get-mpic/1365202/img_id9176072536522741088.jpeg/9;7640152897511
1;Щипцы DEWAL Pro 03-86Z Hair Do черный;DEWAL Pro;https://avatars.mds.yandex.net/get-mpic/4304254/img_id2220094629106690929.jpeg/9;135021500
1;Электрическая варочная панель Korting HK 60003 B, черный;Korting;https://avatars.mds.yandex.net/get-mpic/4785755/img_id516781955568085594.jpeg/9;4620766487851
1;First FA-5140-4 Brown .;First;https://avatars.mds.yandex.net/get-mpic/5194541/img_id4284058664729072924.jpeg/9;9003898514049
1;Конвектор электрический Ресанта ОК-1000 67/4/1;РЕСАНТА;https://avatars.mds.yandex.net/get-mpic/3699263/img_id1443865503493312714.jpeg/9;4606059016434
1;Температурный сенсор (термодатчик) испарителя холодильника Samsung;ZeepDeep;https://avatars.mds.yandex.net/get-mpic/5257660/img_id1776304651192785745.jpeg/9;4603734466331
1;Швейная машина Brother Innov-is (NV) 10;Brother;https://avatars.mds.yandex.net/get-mpic/5235295/img_id968496413614891204.jpeg/9;4977766652230
1;Оконный термогигрометр с выносным термосенсором (RST01595);RST;https://avatars.mds.yandex.net/get-mpic/96484/img_id488568178270449892/9;4928946746171
1;Встраиваемая варочная панель Korting Calabria HG 665 CTSN;Korting;https://avatars.mds.yandex.net/get-mpic/4585707/img_id4381643553753700108.jpeg/9;4620766488483
1;Шкаф духовой электрический MAUNFELD EOEM.589S1;MAUNFELD;https://avatars.mds.yandex.net/get-mpic/4449143/img_id5643720087394869220.png/9;4640020991115
1;Мини-печь BBK OE2343M;BBK;https://avatars.mds.yandex.net/get-mpic/4809583/img_id5511034357905471793.jpeg/9;4897055284471
1;Варочная поверхность электрическая Electrolux EHF96140FK;Electrolux;https://avatars.mds.yandex.net/get-mpic/3689399/img_id4630274857310379931.jpeg/9;7332543315833
1;Встраиваемые вытяжки ELICA ELITE 14 LUX GRVT/A/60;Elica;https://avatars.mds.yandex.net/get-mpic/4581218/img_id261474855583413712.jpeg/9;8020283036581
1;Электромясорубка WILLMARK WMG-2200BS;Willmark;https://avatars.mds.yandex.net/get-mpic/6434027/img_id1597554814125062473.jpeg/9;4627145957196
1;Тостер SMEG TSF03RDEU;Smeg;https://avatars.mds.yandex.net/get-mpic/4615030/img_id2706391384150817139.jpeg/9;8017709263355
1;Gorenje EC6341WD Стеклокерамическая плита;Gorenje;https://avatars.mds.yandex.net/get-mpic/3911679/img_id8256183348907956977.jpeg/9;3838782078538
1;Щипцы ENERGY EN-874 (30Вт) для укладки волос;Energy;https://avatars.mds.yandex.net/get-mpic/4737085/img_id2875830714317835618.jpeg/9;4690408122402
1;Чайник Электрический 2.8Л 2200ВТ Диск Двойн Корпус Нерж/пластик Красн Добрыня;Добрыня;https://avatars.mds.yandex.net/get-mpic/5209485/img_id2171723357274501320.jpeg/9;4650062826177
1;Чайник Centek CT-1068;CENTEK;https://avatars.mds.yandex.net/get-mpic/1522540/img_id4770299897251706007.jpeg/9;4650058959933
1;Весы кухонные ENERGY EN-423 электронные Полоски;Energy;https://avatars.mds.yandex.net/get-mpic/4984138/img_id6000767318763554871.jpeg/9;4690408106075
1;Газовая плита Gefest 6100-01;Gefest;https://avatars.mds.yandex.net/get-mpic/4412310/img_id193601606989176454.jpeg/9;4810114018671
1;Кофемашина Krups EA810770 Essential, красный/черный;Krups;https://avatars.mds.yandex.net/get-mpic/4375199/img_id223411247915601979.jpeg/9;0010942218753
1;Морозильная камера MAUNFELD MFFR143W;MAUNFELD;https://avatars.mds.yandex.net/get-mpic/4568822/img_id4011441061147167847.jpeg/9;4610091782073
1;DELTA+ Чайник электрический DELTA LUX DL-1204В черный стекло;DELTA+;https://avatars.mds.yandex.net/get-mpic/199079/img_id647884809638188774.jpeg/9;4690597157254
1;Кулер HotFrost 35AN;HotFrost;https://avatars.mds.yandex.net/get-mpic/4399094/img_id3700605259910329259.jpeg/9;4630004840829
1;Вертикальный пылесос Polaris PVCS 0724, синий/серый;Polaris;https://avatars.mds.yandex.net/get-mpic/7658228/img_id7065248319632436989.png/9;5055539152732
1;Фильтр Boneco Filter matt A 7018;Boneco;https://avatars.mds.yandex.net/get-mpic/4081122/img_id2918345314695846390.png/9;7611408011975
1;Пылесос ручной SCARLETT SC-VC80H16 600Вт синий/серый;Scarlett;https://avatars.mds.yandex.net/get-mpic/5209485/img_id7242582713639864471.png/9;5050370316848
1;Xiaomi Беспроводной пылесос Xiaomi Dreame XR Premium White EU (Белый);Xiaomi;https://avatars.mds.yandex.net/get-mpic/4544006/img_id8664659482907862888.jpeg/9;6972086390174
1;Холодильник TESLER RCT-100 WOOD;Tesler;https://avatars.mds.yandex.net/get-mpic/5214322/img_id2913674192631087253.jpeg/9;4660006394785
1;Спортивный блендер BQ SB1002 White (86189713);BQ;https://avatars.mds.yandex.net/get-mpic/7631329/img_id5647930634447388158.jpeg/9;4630055248124
1;Кухонный комбайн MUM5XW20 BOSCH;Bosch;https://avatars.mds.yandex.net/get-mpic/4080064/img_id5854946887002658852.jpeg/9;4242005185207
1;Чайник Polaris PWK 1575CL, бургунди;Polaris;https://avatars.mds.yandex.net/get-mpic/5146791/img_id4713454122788641657.jpeg/9;5055539134837
1;"""Фен Centek CT-2221, черный""";CENTEK;https://avatars.mds.yandex.net/get-mpic/199079/img_id1501343626665069521/9;5032780775242
1;Триммер Aresa AR-1807 для носа и ушей;ARESA;https://avatars.mds.yandex.net/get-mpic/4383514/img_id1541277416013622949.jpeg/9;4811371001987
1;Чайник BBK EK1762S;BBK;https://avatars.mds.yandex.net/get-mpic/1626700/img_id2847880265845214291.jpeg/9;4897055285577
1;Увлажнитель воздуха ENERGY EN-616 ( объём 2.6л, макс. распыление 250мл/час) голубой;ENERGY;https://avatars.mds.yandex.net/get-mpic/4762868/img_id3533496938446795179.jpeg/9;4690408121252
1;Чайник Gorenje K17G, нержавеющая сталь;GORENJE;https://avatars.mds.yandex.net/get-mpic/1943683/img_id6752159809181364540/9;3838942748998
1;Кофеварка рожковая Vitek VT-8470, серебристый;Vitek;https://avatars.mds.yandex.net/get-mpic/6417556/img_id8366279958394111242.png/9;6974100780015
1;Водонагреватель накопительный EDISSON King 50 V;Edisson;https://avatars.mds.yandex.net/get-mpic/5145248/img_id2033951640111065686.png/9;4670033312966
1;Плита Электрическая Kitfort КТ-122 черный стеклокерамика (настольная);Kitfort;https://avatars.mds.yandex.net/get-mpic/4785755/img_id294079162172490224.jpeg/9;4630017915149
1;Метеостанция GARIN Точное Измерение WS-1 термометр-гигрометр-часы;GARIN;https://avatars.mds.yandex.net/get-mpic/1715800/img_id2835336539906112029.jpeg/9;4607075946095
1;Фен для волос Energy EN-859, 1000 - 1200 Вт, черный;Energy;https://avatars.mds.yandex.net/get-mpic/96484/img_id694822260379079374/9;4690408104088
1;Фильтр для пылесоса Menalux F133;Menalux;https://avatars.mds.yandex.net/get-mpic/1603927/img_id2529970149293313263.jpeg/9;7319599002023
1;Утюг гладильный BBK ISE-2402 синий;BBK;https://avatars.mds.yandex.net/get-mpic/5209712/img_id4090311596991835947.jpeg/9;4897055282576
1;Электрическая варочная панель Haier HHY-C64NFB, цвет панели черный, цвет рамки серебристый;Haier;https://avatars.mds.yandex.net/get-mpic/4372959/img_id814821373668846596.png/9;6925777800810
1;Кофеварка Beko BKK 2300;Beko;https://avatars.mds.yandex.net/get-mpic/5194541/img_id7798453614743763761.jpeg/9;8690842082559
1;Сплит-система Electrolux EACS-09HG-M2/N3;Electrolux;https://avatars.mds.yandex.net/get-mpic/6434027/img_id1763746552779093902.jpeg/9;7312970144237
1;Electrolux Тепловентилятор Electrolux EFH/S-1125 (Prime);Electrolux;https://avatars.mds.yandex.net/get-mpic/4119784/img_id2155113732000273706.png/9;7312970800539
1;Беспроводной датчик Oregon Scientific PCR800;Oregon Scientific;https://avatars.mds.yandex.net/get-mpic/4375199/img_id8608846114847818892.jpeg/9;4891475055512
1;Проточный газовый водонагреватель Oasis B-12W, белый;Oasis;https://avatars.mds.yandex.net/get-mpic/6253235/img_id4413399870620994523.jpeg/9;4640015381341
1;Напольные весы First FA-8015-2-GR;First;https://avatars.mds.yandex.net/get-mpic/5228636/img_id87425178316869121.jpeg/9;9003898000863
1;Электрогриль КТ-1652;Kitfort;https://avatars.mds.yandex.net/get-mpic/5214322/img_id2160496435582794964.jpeg/9;4630017742929
1;Водонагреватель накопительный Atlantic 150 VM (871216);Atlantic;https://avatars.mds.yandex.net/get-mpic/1539743/img_id5393646229375232550.jpeg/9;3410538712165
1;Микроволновая печь WILLMARK WMO-291DH черная;Willmark;https://avatars.mds.yandex.net/get-mpic/1750207/img_id4441267521290102932.jpeg/9;4627145957011
1;Кофемашина Melitta Caffeo Solo Black E 950-101 / 950-201;Melitta;https://avatars.mds.yandex.net/get-mpic/5221865/img_id5528350116320337938.jpeg/9;4006508194346
1;Сальник бака стиральной машины 35x62/75х7/10;ZeepDeep;https://avatars.mds.yandex.net/get-mpic/5288781/img_id8420869298917749217.jpeg/9;4603734410891
1;Мини-печь Maxwell MW-1853 BK;Maxwell;https://avatars.mds.yandex.net/get-mpic/4429951/img_id122722460971163540.jpeg/9;6970435716125
1;Напольный кулер A.E.L. LD-AEL-811A черный;AEL;https://avatars.mds.yandex.net/get-mpic/1767151/img_id9101283659258459532.png/9;4630019091032
1;Увлажнитель воздуха Scarlett SC-AH986E15 белый;Scarlett;https://avatars.mds.yandex.net/get-mpic/4732637/img_id9216048365321997282.png/9;101404687
1;Амортизатор для стиральных машин LG 4901ER2003A 100N;AKS;https://avatars.mds.yandex.net/get-mpic/5236458/img_id9122416528749169881.jpeg/9;2200000002860
1;Пылесос моющий Arnica VIRA ARN 31 R красный;ARNICA;https://avatars.mds.yandex.net/get-mpic/5173454/img_id155504202653123552.jpeg/9;8692341122002
1;Topperr Фильтр для пылесоса DAEWOO, WINIA, VITEK, 1 шт., DW 3;Topperr;https://avatars.mds.yandex.net/get-mpic/5220693/img_id3966302304727381887.jpeg/9;4607121410037
1;Электроплита Flama AE 1403 B;Flama;https://avatars.mds.yandex.net/get-mpic/2009321/img_id1520246568199108078.jpeg/9;4650055270093
1;Машинка для стрижки MercuryHaus MC-6985;MERCURYHAUS;https://avatars.mds.yandex.net/get-mpic/6212300/img_id2865650092473000846.jpeg/9;4690203169855
1;Тостер Profi Cook PC-TAZ 1110;Profi Cook;https://avatars.mds.yandex.net/get-mpic/4034173/img_id3207456312832989355.jpeg/9;4006160111026
1;Topperr Амортизирующие подставки для стиральных машин в блистере прозрачные, в комплекте 4 шт, 3206;Topperr;https://avatars.mds.yandex.net/get-mpic/6069165/img_id5864117161584514893.jpeg/9;4607121411447
1;HIBERG i-MS 3029 B Индукционная варочная панель;HIBERG;https://avatars.mds.yandex.net/get-mpic/4776349/img_id3613348943513805549.jpeg/9;4640039031598
1;Встраиваемые вытяжки Korting/ Полностью встраиваемая, в шкаф шириной 60 см, электронное сенсорное управление TOUCH SLIDER, 5 режимов, 950 м3/ч., таймер, сенсор дыма и пара (с функцией автоматического включения), пульт ДУ, алюминиевые жировые фильтры, и, LED освещение, нержавеющая сталь;Korting;https://avatars.mds.yandex.net/get-mpic/4489193/img_id2118600087512972361.jpeg/9;4620766489312
1;Мясорубка Centek CT-1618;CENTEK;https://avatars.mds.yandex.net/get-mpic/4932805/img_id969579979655125584.jpeg/9;4680353013382
1;Мясорубка ротор Макси ЭМШ 35/300-3, белый (ротор дива-р ЭМШ 35/300-3);Ротор;https://avatars.mds.yandex.net/get-mpic/1417902/img_id8394002247061033036/9;4650054401047
1;Водонагреватель-кран UNIPUMP BEF-012-02;UNIPUMP;https://avatars.mds.yandex.net/get-mpic/364668/img_id6821553251667290711.jpeg/9;4620015755311
1;Мини-печь Energy GT30-W, 30 л, 1600 Вт, таймер, термостат, белая;Energy;https://avatars.mds.yandex.net/get-mpic/5216590/img_id1212086003634744048.jpeg/9;4690408103456
1;Плита электрическая ERGOLUX ELX-EP01-C01;Ergolux;https://avatars.mds.yandex.net/get-mpic/1925356/img_id8951740154574139793.jpeg/9;4895117883860
1;Мясорубка Gemlux GL-MG500SS;Gemlux;https://avatars.mds.yandex.net/get-mpic/6217624/img_id7777629708570404647.jpeg/9;4630016034148
1;Чайник Steba WK 11 BIANCO;Steba;https://avatars.mds.yandex.net/get-mpic/4397559/img_id1905695981104618902.jpeg/9;4011833303349
1;Швейная машина Brother HQ22;Brother;https://avatars.mds.yandex.net/get-mpic/4415357/img_id651119272517947407.jpeg/9;4977766764155
1;Тепловентилятор Hyundai H-FH1.5-F10MC настольный (1,5 кВт, м/к) черный с серебром;Hyundai;https://avatars.mds.yandex.net/get-mpic/4547325/img_id4087570799487973666.png/9;8806895931069
1;"""Варочная панель Electrolux IPE6455KF, черный""";Electrolux;https://avatars.mds.yandex.net/get-mpic/4322107/img_id440763931830004986.jpeg/9;7332543602476
1;Измельчитель DELTA LUX DL-7417 белый с зеленым 300Вт;DELTA LUX;https://avatars.mds.yandex.net/get-mpic/5042167/img_id5462776326942150667.jpeg/9;4690597130875
1;Помпа для воды Luazon Norma, механическая, большая, под бутыль от 11 до 19 л, голубая;Luazon Home;https://avatars.mds.yandex.net/get-mpic/4314340/img_id4226465414083425479.jpeg/9;2900024890435
1;Мультиварка DeLonghi FH1396/1;DeLonghi;https://avatars.mds.yandex.net/get-mpic/4034173/img_id1075552701462788406.jpeg/9;8004399252578
1;Пылесос Baseus A2 Car Vacuum Cleaner Чёрный;Baseus;https://avatars.mds.yandex.net/get-mpic/4345877/img_id3510286204471626202.jpeg/9;6953156224124
1;Холодильник LG DoorCooling+ GA-B509SEUM;LG;https://avatars.mds.yandex.net/get-mpic/5214322/img_id2113873584615876746.jpeg/9;8806091596918
1;Фен-щетка BaByliss AS773E, голубой;BaByliss;https://avatars.mds.yandex.net/get-mpic/4565245/img_id1764219043223406009.jpeg/9;3030050165340
1;Щипцы Wahl Super Curl розовое золото (4437-0470);Wahl;https://avatars.mds.yandex.net/get-mpic/4887676/img_id5748839719317611863.jpeg/9;4015110015192
1;Отпариватель MIE Elegante;MIE;https://avatars.mds.yandex.net/get-mpic/4544006/img_id8633325072739347154.png/9;8001023230797
1;Однофазный проточный водонагреватель STIEBEL ELTRON DCE-S 6/8 Plus;Stiebel Eltron;https://avatars.mds.yandex.net/get-mpic/5220693/img_id6648816292344401186.jpeg/9;4017212381533
1;Духовой шкаф Электрический Maunfeld EOEС.586S1;Maunfeld;https://avatars.mds.yandex.net/get-mpic/4578218/img_id7294196717357160692.jpeg/9;00021585
1;Вытяжка встраиваемая Elikor 52Н-1000-Э4Д Врезной блок нержавеющая сталь управление: кнопочное (1 мот;ELIKOR;https://avatars.mds.yandex.net/get-mpic/1866031/img_id1080525915200612933.jpeg/9;4610017479179
1;Соковыжималка Marta MT-2048 черный жемчуг;Marta;https://avatars.mds.yandex.net/get-mpic/5232583/img_id4152326747155860808.jpeg/9;5056142119280
1;Ирригатор Sakura SA-5560;Sakura;https://avatars.mds.yandex.net/get-mpic/7979706/img_id4150093497824119943.jpeg/9;4627194340154
1;Плоская вытяжка Electrolux EFU9216W, белый;Electrolux;https://avatars.mds.yandex.net/get-mpic/1713519/img_id1840413727478842384.jpeg/9;7332543636938
1;Машинка для стрижки BBK BHK101 черный/серебро;BBK;https://avatars.mds.yandex.net/get-mpic/4255269/img_id4009882547055545973.jpeg/9;4897055284280
1;Щипцы Vitek VT-8420 BK .;Vitek;https://avatars.mds.yandex.net/get-mpic/5213758/img_id1634165592377262080.jpeg/9;6970435715319
1;Фильтр Тион нера Н11 для О2 и 3S;TION;https://avatars.mds.yandex.net/get-mpic/1864685/img_id7574410020581254514.jpeg/9;4627097020078
1;Индукционная плита Gorenje 566815, черный;Gorenje;https://avatars.mds.yandex.net/get-mpic/5221807/img_id9012534726999179229.png/9;3838942132209
1;Фен настенный VALERA Premium 1200 Super;VALERA;https://avatars.mds.yandex.net/get-mpic/4219717/img_id8977893802406042345.jpeg/9;7610558533023
1;Einhell Пылесос аккумуляторный Te-vc 18 Li-Solo 2347120 .;Einhell;https://avatars.mds.yandex.net/get-mpic/4375199/img_id3742195139786467072.jpeg/9;4006825612646
1;Машинка для стрижки волос GA.MA GCX 623 SPORT-HF;GA.MA;https://avatars.mds.yandex.net/get-mpic/4737085/img_id7499875566529345508.jpeg/9;8023277137097
1;Кофеварка Brayer BR1121;Brayer;https://avatars.mds.yandex.net/get-mpic/4303516/img_id2990673291631799853.jpeg/9;2900052190217
1;Hairway Professional, Машинка-триммер (ухо/нос);Hairway;https://avatars.mds.yandex.net/get-mpic/4547325/img_id4319788083171828548.jpeg/9;4250395415514
1;Электрический духовой шкаф Bosch Serie 8 HBG675BS1;Bosch;https://avatars.mds.yandex.net/get-mpic/5206920/img_id2729683484136724211.png/9;4242002808567
1;Вспениватель молока Gemlux GL-MF-05;Gemlux;https://avatars.mds.yandex.net/get-mpic/7748786/img_id9086705562782449603.jpeg/9;4640033360458
1;Радиатор масляный Zanussi Cava 7 секц., белый, арт. ZOH/CS - 07W, 1,5кВт;Zanussi;https://avatars.mds.yandex.net/get-mpic/4367383/img_id8867181464192289566.png/9;7312970900512
1;Вытяжка встраиваемая в шкаф 60 см Haier HVX-T671W;Haier;https://avatars.mds.yandex.net/get-mpic/5233785/img_id7057675914239735609.jpeg/9;6925777800711
1;Миксер Energy EN-273 .;Energy;https://avatars.mds.yandex.net/get-mpic/4544006/img_id7107228615811706420.jpeg/9;690408107447
1;Газовая варочная панель Bosch PGP6B3B90R;Bosch;https://avatars.mds.yandex.net/get-mpic/4450422/img_id1078090333228312511.jpeg/9;4242005195206
1;Кулер VATTEN V45SE;Vatten;https://avatars.mds.yandex.net/get-mpic/1600461/img_id8017236894736358765.jpeg/9;4630014931883
1;KELLI KL-5090;Kelli;https://avatars.mds.yandex.net/get-mpic/2991631/img_id6144159264200733623.png/9;4620039360355
1;Парогенератор Braun IS 5145BK;Braun;https://avatars.mds.yandex.net/get-mpic/4866824/img_id7651830404196100475.jpeg/9;8021098280268
1;Встраиваемые вытяжки Korting/ полновстраиваемая,90 см, 5 режимов,950 м3/ч, нерж. сталь;Korting;https://avatars.mds.yandex.net/get-mpic/4377400/img_id4927953755468151877.jpeg/9;4620766489305
1;Щипцы конические DEWAL PROFESSIONAL Dewal 03-1325R Сurl Up;DEWAL PROFESSIONAL;https://avatars.mds.yandex.net/get-mpic/4947485/img_id546061488255225552.jpeg/9;4000000443285
1;Соковыжималка Braun J700 Multiquick 7;Braun;https://avatars.mds.yandex.net/get-mpic/1571888/img_id6121057674504044874/9;24210201045261
1;Чайник Bosch TWK3A013, черный;Bosch;https://avatars.mds.yandex.net/get-mpic/5350118/img_id5910639723497536501.jpeg/9;4242002718743
1;Триммер Moser Aquatrim 1065.0460 черный/серебристый 10Вт (насадок в компл:2шт) 1065.0460;MOSER;https://avatars.mds.yandex.net/get-mpic/4399094/img_id1639352419582903513.jpeg/9;5996415032307
1;Газовая варочная панель HOMSair HGG321BK;HOMSAIR;https://avatars.mds.yandex.net/get-mpic/5277040/img_id2313386077051033654.jpeg/9;4640020999623
1;Фильтр для пылесоса Dyson V10, SV12, 969082-01;A-Market;https://avatars.mds.yandex.net/get-mpic/4937511/img_id3341105771802826077.jpeg/9;2000000001173
1;Чайник irit IR-1338, серебристый/зеленый;irit;https://avatars.mds.yandex.net/get-mpic/397397/img_id4815794711879876351.jpeg/9;4620018622641
1;Многослойные синтетические мешки пылесборники Ozone M-56 для пылесоса BORK V7D1, 8 шт.;Ozone;https://avatars.mds.yandex.net/get-mpic/4614113/img_id6499596294470489606.jpeg/9;4607033878680
1;Пылесборник Vesta EX 02;Vesta filter;https://avatars.mds.yandex.net/get-mpic/4342845/img_id478247438314545970.jpeg/9;4607034630065
1;Газовая плитка GEFEST 700-03;GEFEST;https://avatars.mds.yandex.net/get-mpic/5222239/img_id3226322309269538656.jpeg/9;4811260002811
1;GALAXY GL 0308 Чайник электрический 2200 Вт, объем 1,8л, скрытый нагревательный элемент, металлический корпус, съемный фильтр, автоотключение при закипании и отсутствии воды, указатель максимального уровня воды, питание 220-240В,50Гц;GALAXY LINE;https://avatars.mds.yandex.net/get-mpic/7722094/img_id7479623722260322369.jpeg/9;4630003362506
1;Н/п эл Midea MIH64721FIV;Midea;https://avatars.mds.yandex.net/get-mpic/4393885/img_id7274252115309052246.jpeg/9;4627121251928
1;F17 ESSENTIAL 1500W PLUG (513716) универсальный;Atlantic;https://avatars.mds.yandex.net/get-mpic/4408567/img_id2593713754457316001.jpeg/9;3410535137169
1;Кулер для воды SONNEN TSE-02, настольный, электронное охлаждение/нагрев, 3 крана, белый/черный, 453976;Sonnen;https://avatars.mds.yandex.net/get-mpic/4547325/img_id2391901183104921924.jpeg/9;4606224199573
